url,tipo,intencion,etapa_funnel,keyword_objetivo,ubicacion,estado_indexacion,prioridad,accion_recomendada,riesgo
https://www.horizonteemirates.com/proyectos.html,producto,transaccional,bofu,pisos en Dubai para invertir; apartamentos Abu Dhabi inversión,Dubai; Abu Dhabi; Ras Al Khaimah,index,alto,"HECHO: width/height en las 33 imagenes, title a 56, meta a 139, enlace entrante desde los 16 articulos. PENDIENTE: h3 propio por ficha (P2.3) y URL propia por proyecto (P3.2)",bajo
https://www.horizonteemirates.com/blog/como-invertir-inmuebles-dubai.html,blog,informacional,tofu,cómo invertir en inmuebles en Dubai,Dubai,index,alto,"HECHO: title a 60, meta a 131, enlace a proyectos y a no-residente. PENDIENTE: author Person, enlaces a DLD y RERA, refrescar dateModified (P1.1, P1.2, P2.2)",bajo
https://www.horizonteemirates.com/blog/impuestos-invertir-dubai-espana.html,blog,informacional,mofu,impuestos invertir en Dubai desde España,global,index,alto,"PENDIENTE (YMYL fiscal, prioridad 2 de P1.2): enlazar el Convenio de Doble Imposicion Espana-EAU en el BOE y la ficha de la AEAT; author Person con credenciales",medio (dato fiscal sin fuente enlazada)
https://www.horizonteemirates.com/blog/rentabilidad-inmobiliaria-dubai.html,blog,informacional,mofu,rentabilidad inmobiliaria Dubai; yields Dubai por zona,Dubai,index,alto,"PENDIENTE (prioridad 3 de P1.2): las cifras de yield estan en el bloque 'Fuentes y metodologia' pero sin enlace ni fecha del dato. Enlazar DLD, Property Monitor o Bayut y refrescar al tercer trimestre de 2026",medio (dato de mercado sin fechar)
https://www.horizonteemirates.com/blog/modelo-720-declarar-inmueble-dubai.html,blog,informacional,mofu,modelo 720 inmueble Dubai,global,index,alto,"PENDIENTE (prioridad 1 de P1.2, el mas sensible): enlazar la sede electronica de la AEAT y la orden del modelo; revisar el umbral de 50.000 EUR y fechar la revision",alto (dato fiscal sin fuente en contenido YMYL)
https://www.horizonteemirates.com/,home,comercial,mofu,invertir en Dubai; invertir en inmuebles en Dubai desde España,global,index,medio,"HECHO: title a 51. PENDIENTE: Person (Jesus Ibanez) con sameAs en el RealEstateAgent, mas telephone y address (P1.1)",bajo
https://www.horizonteemirates.com/blog/mejores-zonas-invertir-dubai.html,blog,informacional,mofu,mejores zonas para invertir en Dubai,Dubai,index,medio,HECHO: enlace a proyectos y a Abu Dhabi. PENDIENTE: el mapa sigue pesando 399 KB (no admitia recompresion sin redimensionar); enlazar cada zona a su ficha de proyecto,bajo
https://www.horizonteemirates.com/blog/golden-visa-emiratos-guia.html,blog,informacional,mofu,golden visa Emiratos; golden visa Dubai requisitos,global,index,medio,PENDIENTE (prioridad 4 de P1.2): enlazar u.ae o ICP para los umbrales de inversion y fechar la ultima verificacion normativa,medio (normativa cambiante)
https://www.horizonteemirates.com/blog/residencia-fiscal-emiratos-espanoles.html,blog,informacional,mofu,residencia fiscal Emiratos para españoles,global,index,medio,"HECHO: meta de 210 a 122, la mas larga del sitio. PENDIENTE: autor identificable y fuentes enlazadas (P1.1, P1.2)",bajo
https://www.horizonteemirates.com/blog/invertir-abu-dhabi.html,blog,informacional,mofu,invertir en Abu Dhabi,Abu Dhabi,index,medio,"HECHO: de 0 a 2 enlaces contextuales entrantes, title a 51. PENDIENTE: sigue siendo el articulo mas corto (932 palabras), ampliar a 1.500 (P2.2)",bajo
https://www.horizonteemirates.com/blog/espana-vs-dubai-invertir.html,comparativa,comercial,mofu,España vs Dubai invertir; comparativa inversión inmobiliaria,global,index,medio,"HECHO: de 0 a 2 enlaces entrantes, enlace a proyectos en el cierre. PENDIENTE: enlazar las fuentes de la comparativa (P1.2)",bajo
https://www.horizonteemirates.com/legal.html,legal,navegacional,n/a,aviso legal Horizonte Emirates,global,index,medio,"HECHO: Open Graph y Twitter Card, meta a 137. PENDIENTE (P2.9): desborda 142 px en movil por una tabla sin contenedor overflow-x",bajo
https://www.horizonteemirates.com/blog/,categoria,navegacional,tofu,blog inversión inmobiliaria Dubai,global,index,bajo,"HECHO: title a 50, meta a 141. Sin acciones pendientes",ninguno
https://www.horizonteemirates.com/blog/comprar-sobre-plano-dubai.html,blog,informacional,mofu,comprar sobre plano en Dubai; off-plan Dubai,Dubai,index,bajo,"HECHO: title de 91 a 53, enlace a proyectos. PENDIENTE: enlazar el registro de escrow del DLD (P1.2)",bajo
https://www.horizonteemirates.com/blog/invertir-ras-al-khaimah.html,blog,informacional,mofu,invertir en Ras Al Khaimah; Wynn Al Marjan,Ras Al Khaimah,index,bajo,HECHO: enlaces a las fichas de proyecto de Al Marjan y a Abu Dhabi. PENDIENTE: citar la fuente de la apertura del Wynn en 2027,bajo
https://www.horizonteemirates.com/blog/residencia-en-dubai.html,blog,informacional,tofu,residencia en Dubai; visado residencia Emiratos,Dubai,index,bajo,"HECHO: de 1 a 2 enlaces entrantes, title a 53. PENDIENTE: enlazar la fuente oficial de tipos de visado",bajo
https://www.horizonteemirates.com/blog/crear-empresa-en-dubai.html,blog,informacional,tofu,crear empresa en Dubai; mainland vs free zone,Dubai,index,bajo,"HECHO: title de 91 a 55. PENDIENTE: comprobar si atrae trafico fuera del ICP (emprendedores, no inversores)",medio (posible trafico fuera del ICP)
https://www.horizonteemirates.com/blog/free-zones-emiratos-comparadas.html,comparativa,informacional,tofu,free zones Emiratos comparadas,global,index,bajo,"HECHO: title a 54, meta a 128. El mas alejado del ICP inversor: mantener sin priorizar",bajo
https://www.horizonteemirates.com/blog/comprar-propiedad-dubai-no-residente.html,blog,informacional,mofu,comprar propiedad en Dubai siendo no residente,Dubai,index,bajo,"HECHO: de 0 a 2 enlaces entrantes, title a 58, meta a 131. PENDIENTE: enlazar fuentes (P1.2)",bajo
https://www.horizonteemirates.com/blog/vivir-en-dubai-espanol.html,blog,informacional,tofu,vivir en Dubai siendo español; coste de vida Dubai,Dubai,index,bajo,"HECHO: de 1 a 2 enlaces entrantes. Sigue siendo el articulo mas alejado del ICP: atrae expatriados, no inversores. Mantener sin inversion adicional",medio (trafico fuera del ICP)
https://www.horizonteemirates.com/blog/creditos.html,otro,navegacional,n/a,n/a,global,noindex-intencional,bajo,"Créditos de imágenes de Pexels. Correcto en noindex,follow. Sin acción",ninguno
https://www.horizonteemirates.com/inversion-fraccionada-dubai.html,landing,comercial,mofu,inversión fraccionada Dubai (no activada),Dubai,noindex-intencional,bajo,"noindex,nofollow deliberado a la espera de due diligence legal. NO es un hallazgo. Reevaluar solo cuando se cierre la validación jurídica",alto si se indexa sin due diligence
https://www.horizonteemirates.com/guias/guia-fiscal-dubai-espana.html,lead-magnet,informacional,mofu,n/a (no compite en SERP por decisión),global,noindex-intencional,bajo,"noindex,follow deliberado para no canibalizar el artículo pilar de fiscalidad. Corregir el único salto de encabezado del sitio (h2 a h4)",ninguno
https://www.horizonteemirates.com/guias/guia-fiscal-dubai-espana-v2-completa.html,lead-magnet,informacional,mofu,n/a (no compite en SERP por decisión),global,noindex-intencional,bajo,"Versión recomendada del lead magnet (2.098 palabras). Sin canonical, correcto al estar en noindex. Sin acción",ninguno
https://www.horizonteemirates.com/guias/guia-fiscal-dubai-espana-v2-ejecutiva.html,lead-magnet,informacional,mofu,n/a (no compite en SERP por decisión),global,noindex-intencional,bajo,Versión ejecutiva de 461 palabras. Sin acción SEO,ninguno
https://www.horizonteemirates.com/guias/preview-guia-fiscal.html,otro,navegacional,n/a,n/a,global,noindex-intencional,bajo,Maqueta interna de aprobación. Valorar sacarla de public/ para no publicar borradores,bajo (borrador accesible en producción)
https://www.horizonteemirates.com/guias/preview-confianza-a11.html,otro,navegacional,n/a,n/a,global,noindex-intencional,bajo,Maqueta interna de aprobación (variante A11 ya en producción). Valorar sacarla de public/,bajo (borrador accesible en producción)
https://www.horizonteemirates.com/guias/preview-zonas-inversion.html,otro,navegacional,n/a,n/a,Dubai,noindex-intencional,bajo,Maqueta interna sin H1 y con 28 guiones largos. Valorar sacarla de public/,bajo (borrador accesible en producción)
https://www.horizonteemirates.com/404.html,otro,navegacional,n/a,n/a,global,noindex-intencional,bajo,"Devuelve código 404 real y está en noindex,follow. Correcto. Sin acción",ninguno
